ETF名称,代码,最新价,20日涨跌,波动率,持仓量(OI),PCR,MaxPain,MaxPain偏离,活跃度
上证50ETF,510050,2.735,2.15,9.35,1383607,0.866,2.9,6.032906764168189,极高
沪深300ETF,510300,3.881,2.91,9.57,1186747,0.799,3.85,-0.7987632053594318,极高
中证500ETF,510500,5.919,4.56,12.35,1232457,0.794,5.8,-2.0104747423551284,极高
科创50ETF,588000,1.056,2.13,15.02,1511938,0.666,1.1,4.166666666666674,极高
创业板ETF,159915,2.133,7.89,18.75,1262960,0.942,2.15,0.7969995311767342,极高
深证100ETF,159901,2.85,3.2,11.2,104850,0.895,2.9,1.754385964912264,中等
沪深300ETF(深),159919,3.92,2.8,9.8,212902,0.982,3.9,-0.5102040816326481,中等
中证500ETF(深),159922,5.75,4.3,12.8,295057,1.07,5.65,-1.7391304347825987,中等
